Activity Type,Date,Favorite,Title,Distance,Calories,Time,Avg HR,Max HR,Avg Bike Cadence,Max Bike Cadence,Avg Speed,Max Speed,Total Ascent,Total Descent,Avg Stride Length,Avg Vertical Ratio,Avg Vertical Oscillation,Avg Ground Contact Time,Normalized Power® (NP®),Training Stress Score®,Avg Power,Max Power,Steps,Total Reps,Total Sets,Body Battery Drain,Decompression,Best Lap Time,Number of Laps,Avg Resp,Min Resp,Max Resp,Stress Change,Stress Start,Stress End,Avg Stress,Max Stress,Moving Time,Elapsed Time,Min Elevation,Max Elevation
Strength Training,10/27/2025 17:34,FALSE,Strength,0,175,0:34,113,149,--,--,--,--,--,--,--,--,--,--,--,0,--,--,"1,036",518,35,-6,No,0:34:00,1,--,--,--,--,--,--,--,--,0:26:53,0:34:04,--,--
Running,10/26/2025 8:58,FALSE,South Miami Running,7.25,424,0:45,160,174,183,195,6:04,3:21,14,8,0.89,8.6,7.6,244,212,0,213,312,"8,018",--,--,-13,No,01:18.1,8,--,--,--,--,--,--,--,--,0:43:40,0:44:23,6,14
HIIT,10/25/2025 12:11,FALSE,HIIT,0,163,0:30,120,152,--,--,--,--,--,--,--,--,--,--,--,0,--,--,498,249,25,-5,No,0:29:02,1,--,--,--,--,--,--,--,--,0:26:21,0:29:02,--,--
Strength Training,10/23/2025 6:30,FALSE,Strength,0,124,0:31,105,139,--,--,--,--,--,--,--,--,--,--,--,0,--,--,972,486,27,-5,No,0:30:05,1,--,--,--,--,--,--,--,--,0:26:33,0:30:05,--,--
Strength Training,10/22/2025 15:44,FALSE,Strength,0,222,1:11,94,133,--,--,--,--,--,--,--,--,--,--,--,0,--,--,520,255,12,-5,No,1:10:49,1,--,--,--,--,--,--,--,--,1:00:55,1:10:49,--,--
Strength Training,10/21/2025 7:18,FALSE,Strength,0,141,0:42,97,116,--,--,--,--,--,--,--,--,--,--,--,0,--,--,"1,330",665,44,-7,No,0:41:52,1,--,--,--,--,--,--,--,--,0:34:02,0:41:52,--,--
HIIT,10/20/2025 17:00,FALSE,HIIT,0,271,0:46,122,157,--,--,--,--,--,--,--,--,--,--,--,0,--,--,"1,186",593,42,-7,No,0:45:31,1,--,--,--,--,--,--,--,--,0:35:05,0:45:31,--,--
Running,10/19/2025 9:40,FALSE,South Miami Running,6.06,359,0:39,158,169,179,188,6:19,5:22,2,--,0.88,8.9,7.8,250,200,0,200,248,"6,858",--,--,-13,No,00:24.7,7,--,--,--,--,--,--,--,--,0:38:10,0:38:23,11,17
HIIT,10/18/2025 18:06,FALSE,HIIT,0,380,1:06,119,162,--,--,--,--,--,--,--,--,--,--,--,0,--,--,"1,234",617,24,-10,No,1:05:30,1,--,--,--,--,--,--,--,--,0:47:12,1:05:36,--,--
HIIT,10/17/2025 15:34,FALSE,HIIT,0,149,0:40,99,141,--,--,--,--,--,--,--,--,--,--,--,0,--,--,"1,104",552,38,-4,No,0:39:24,1,--,--,--,--,--,--,--,--,0:30:32,0:39:24,--,--
Strength Training,10/16/2025 18:38,FALSE,Strength,0,290,0:45,129,162,--,--,--,--,--,--,--,--,--,--,--,0,--,--,"1,218",609,36,-7,No,0:44:57,1,--,--,--,--,--,--,--,--,0:36:46,0:45:22,--,--
Strength Training,10/15/2025 15:50,FALSE,Strength,0,149,0:43,97,122,--,--,--,--,--,--,--,--,--,--,--,0,--,--,918,459,43,-5,No,0:42:56,1,--,--,--,--,--,--,--,--,0:32:56,0:42:56,--,--
Strength Training,10/14/2025 18:53,FALSE,Strength,0,146,0:29,111,151,--,--,--,--,--,--,--,--,--,--,--,0,--,--,842,421,29,-4,No,0:28:03,1,--,--,--,--,--,--,--,--,0:23:36,0:28:03,--,--
Running,10/12/2025 10:05,FALSE,Coral Gables Running,4.86,276,0:29,157,171,176,188,5:51,4:58,2,--,0.96,8.4,8,242,216,0,219,279,"5,096",--,--,-11,No,04:54.4,5,--,--,--,--,--,--,--,--,0:27:59,0:40:49,10,14
Running,10/12/2025 9:43,FALSE,South Miami Running,2.42,137,0:15,148,165,180,190,6:06,5:13,5,2,0.9,8.7,7.8,246,207,0,206,246,"2,654",--,--,-6,No,02:16.5,3,--,--,--,--,--,--,--,--,0:14:41,0:14:45,6,12
HIIT,10/11/2025 18:25,FALSE,HIIT,0,179,0:41,108,135,--,--,--,--,--,--,--,--,--,--,--,0,--,--,928,464,29,-4,No,0:40:40,1,--,--,--,--,--,--,--,--,0:36:29,0:40:40,--,--
Strength Training,10/10/2025 9:33,FALSE,Strength,0,140,0:38,100,132,--,--,--,--,--,--,--,--,--,--,--,0,--,--,660,330,28,-5,No,0:37:48,1,--,--,--,--,--,--,--,--,0:29:00,0:38:09,--,--
HIIT,10/9/2025 16:15,FALSE,HIIT,0,165,0:45,100,129,--,--,--,--,--,--,--,--,--,--,--,0,--,--,704,352,27,-5,No,0:44:14,1,--,--,--,--,--,--,--,--,0:34:46,0:44:14,--,--
Strength Training,10/7/2025 17:07,FALSE,Strength,0,203,0:49,105,146,--,--,--,--,--,--,--,--,--,--,--,0,--,--,"1,724",862,48,-4,No,0:48:11,1,--,--,--,--,--,--,--,--,0:37:06,0:48:22,--,--
HIIT,10/6/2025 15:49,FALSE,HIIT,0,188,0:46,105,153,--,--,--,--,--,--,--,--,--,--,--,0,--,--,"1,084",542,35,-4,No,0:45:36,1,--,--,--,--,--,--,--,--,0:38:42,0:45:36,--,--
Running,10/5/2025 9:42,FALSE,South Miami Running,5.65,339,0:36,160,178,178,186,6:21,5:29,6,2,0.88,9,7.9,252,200,0,200,237,"6,408",--,--,-13,No,03:59.5,6,--,--,--,--,--,--,--,--,0:35:49,0:35:52,7,15
HIIT,10/4/2025 8:24,FALSE,HIIT,0,331,1:00,118,161,--,--,--,--,--,--,--,--,--,--,--,0,--,--,"1,718",859,62,-11,No,0:59:46,1,--,--,--,--,--,--,--,--,0:50:16,0:59:46,--,--
HIIT,10/3/2025 19:19,FALSE,HIIT,0,201,0:44,109,140,--,--,--,--,--,--,--,--,--,--,--,0,--,--,"1,594",797,41,-3,No,0:43:21,1,--,--,--,--,--,--,--,--,0:33:31,0:43:21,--,--
HIIT,10/2/2025 15:41,FALSE,HIIT,0,190,0:45,105,148,--,--,--,--,--,--,--,--,--,--,--,0,--,--,980,490,25,-4,No,0:44:18,1,--,--,--,--,--,--,--,--,0:33:10,0:44:18,--,--
HIIT,9/30/2025 17:15,FALSE,HIIT,0,132,0:38,96,135,--,--,--,--,--,--,--,--,--,--,--,0,--,--,"1,244",622,38,-2,No,0:37:39,1,--,--,--,--,--,--,--,--,0:29:55,0:37:39,--,--
HIIT,9/29/2025 17:41,FALSE,HIIT,0,284,0:54,121,152,--,--,--,--,--,--,--,--,--,--,--,0,--,--,"1,076",538,35,-6,No,0:53:09,1,--,--,--,--,--,--,--,--,0:44:30,0:53:09,--,--
Yoga,9/28/2025 8:49,FALSE,Yoga,--,68,0:40,73,105,--,--,--,--,--,--,--,--,--,--,--,0,--,--,--,--,1,-3,No,0:39:47,1,16,9,23,-67,90,23,48,96,0:39:47,0:39:47,--,--
HIIT,9/27/2025 16:04,FALSE,HIIT,0,47,0:11,105,159,--,--,--,--,--,--,--,--,--,--,--,0,--,--,216,108,6,-1,No,0:10:02,1,--,--,--,--,--,--,--,--,04:36.4,0:10:02,--,--
Indoor Cycling,9/27/2025 15:29,FALSE,Indoor Cycling,0,184,0:35,115,137,--,--,--,--,--,--,--,--,--,--,--,0,--,--,--,--,--,-7,No,00:01.2,2,--,--,--,--,--,--,--,--,0:00:00,0:34:25,--,--
HIIT,9/26/2025 9:01,FALSE,HIIT,0,236,0:40,123,153,--,--,--,--,--,--,--,--,--,--,--,0,--,--,968,484,18,-4,No,0:39:31,1,--,--,--,--,--,--,--,--,0:34:28,0:39:31,--,--
HIIT,9/25/2025 16:54,FALSE,HIIT,0,108,0:33,94,118,--,--,--,--,--,--,--,--,--,--,--,0,--,--,852,426,36,-1,No,0:32:14,1,--,--,--,--,--,--,--,--,0:23:15,0:32:14,--,--
HIIT,9/23/2025 18:09,FALSE,HIIT,0,135,0:56,83,122,--,--,--,--,--,--,--,--,--,--,--,0,--,--,322,161,11,-2,No,0:56:00,1,--,--,--,--,--,--,--,--,0:52:21,0:56:00,--,--
HIIT,9/22/2025 16:13,FALSE,HIIT,0,106,0:37,89,119,--,--,--,--,--,--,--,--,--,--,--,0,--,--,674,337,13,-3,No,0:36:39,1,--,--,--,--,--,--,--,--,0:28:48,0:36:51,--,--
Pilates,9/21/2025 10:53,FALSE,Pilates,0,114,0:43,86,107,8,155,--,--,--,--,0,--,--,--,--,0,--,--,296,148,14,-3,No,0:42:39,1,--,--,--,--,--,--,--,--,0:42:39,0:42:39,--,--
HIIT,9/19/2025 18:46,FALSE,HIIT,0,84,0:35,83,123,--,--,--,--,--,--,--,--,--,--,--,0,--,--,960,480,21,-5,No,0:34:03,1,--,--,--,--,--,--,--,--,0:29:01,0:34:03,--,--
HIIT,9/18/2025 16:16,FALSE,HIIT,0,148,0:41,99,149,--,--,--,--,--,--,--,--,--,--,--,0,--,--,626,313,10,-3,No,0:40:03,1,--,--,--,--,--,--,--,--,0:31:36,0:40:03,--,--
Pilates,9/17/2025 17:46,FALSE,Pilates,0,25,0:13,76,94,1,107,--,--,--,--,0,--,--,--,--,0,--,--,22,11,2,-1,No,0:12:47,1,--,--,--,--,--,--,--,--,0:12:47,0:13:23,--,--
HIIT,9/16/2025 16:34,FALSE,HIIT,0,109,0:34,91,158,--,--,--,--,--,--,--,--,--,--,--,0,--,--,900,450,9,-4,No,0:33:07,1,--,--,--,--,--,--,--,--,0:27:15,0:33:11,--,--
HIIT,9/15/2025 17:40,FALSE,HIIT,0,201,0:35,118,158,--,--,--,--,--,--,--,--,--,--,--,0,--,--,554,277,23,-5,No,0:34:18,1,--,--,--,--,--,--,--,--,0:26:54,0:34:18,--,--
Yoga,9/14/2025 8:35,FALSE,Yoga,--,220,0:58,105,135,--,--,--,--,--,--,--,--,--,--,--,0,--,--,--,--,2,-6,No,0:57:02,1,15,9,24,-12,99,87,98,100,0:57:02,0:57:02,--,--
Running,9/14/2025 7:57,FALSE,South Miami Running,5.41,320,0:33,159,172,180,191,6:00,5:08,--,--,0.92,8.6,7.9,245,210,0,210,255,"5,880",--,--,-11,No,02:17.9,6,--,--,--,--,--,--,--,--,0:32:20,0:32:30,3,5
HIIT,9/13/2025 18:03,FALSE,HIIT,0,190,0:36,115,149,--,--,--,--,--,--,--,--,--,--,--,0,--,--,462,231,24,-7,No,0:35:01,1,--,--,--,--,--,--,--,--,0:29:50,0:35:01,--,--
HIIT,9/12/2025 15:47,FALSE,HIIT,0,149,0:44,95,129,--,--,--,--,--,--,--,--,--,--,--,0,--,--,960,480,44,-4,No,0:43:15,1,--,--,--,--,--,--,--,--,0:32:48,0:43:18,--,--
HIIT,9/11/2025 17:21,FALSE,HIIT,0,257,0:56,110,150,--,--,--,--,--,--,--,--,--,--,--,0,--,--,"1,462",731,41,-6,No,0:55:25,1,--,--,--,--,--,--,--,--,0:39:48,0:55:25,--,--
HIIT,9/9/2025 18:20,FALSE,HIIT,0,193,0:47,106,159,--,--,--,--,--,--,--,--,--,--,--,0,--,--,"1,326",663,44,-4,No,0:46:19,1,--,--,--,--,--,--,--,--,0:33:55,0:46:19,--,--
HIIT,9/8/2025 17:04,FALSE,HIIT,0,322,0:45,131,169,--,--,--,--,--,--,--,--,--,--,--,0,--,--,"1,090",545,37,-8,No,0:44:57,1,--,--,--,--,--,--,--,--,0:32:05,0:44:57,--,--
Running,9/7/2025 9:42,FALSE,Coral Gables Running,5.1,294,0:31,159,179,179,189,6:05,4:35,--,2,0.91,8.8,8,248,212,0,211,297,"5,532",--,--,-8,No,00:31.7,6,--,--,--,--,--,--,--,--,0:30:58,0:31:04,1,4
Yoga,9/7/2025 8:48,FALSE,Yoga,--,105,0:42,88,123,--,--,--,--,--,--,--,--,--,--,--,0,--,--,--,--,1,-7,No,0:41:27,1,17,12,26,-47,80,33,74,99,0:41:27,0:41:27,--,--
HIIT,9/5/2025 15:29,FALSE,HIIT,0,180,0:53,99,133,--,--,--,--,--,--,--,--,--,--,--,0,--,--,698,349,21,-7,No,0:52:44,1,--,--,--,--,--,--,--,--,0:28:28,0:52:44,--,--
HIIT,9/4/2025 16:38,FALSE,HIIT,0,62,0:10,121,141,--,--,--,--,--,--,--,--,--,--,--,0,--,--,358,179,7,-2,No,09:47.4,1,--,--,--,--,--,--,--,--,08:43.4,09:47.4,--,--
HIIT,9/4/2025 16:04,FALSE,HIIT,0,113,0:34,96,137,--,--,--,--,--,--,--,--,--,--,--,0,--,--,504,252,21,-2,No,0:33:29,1,--,--,--,--,--,--,--,--,0:22:13,0:33:29,--,--
HIIT,9/3/2025 17:07,FALSE,HIIT,0,124,0:39,94,146,--,--,--,--,--,--,--,--,--,--,--,0,--,--,"1,056",528,21,-4,No,0:38:18,1,--,--,--,--,--,--,--,--,0:27:33,0:38:18,--,--
HIIT,9/2/2025 18:20,FALSE,HIIT,0,260,0:42,126,157,--,--,--,--,--,--,--,--,--,--,--,0,--,--,"1,274",637,34,-7,No,0:41:28,1,--,--,--,--,--,--,--,--,0:33:42,0:41:38,--,--
HIIT,9/1/2025 20:45,FALSE,HIIT,0,156,0:31,115,152,--,--,--,--,--,--,--,--,--,--,--,0,--,--,778,389,31,-4,No,0:30:18,1,--,--,--,--,--,--,--,--,0:25:46,0:30:43,--,--
HIIT,8/30/2025 15:43,FALSE,HIIT,0,308,0:53,127,169,--,--,--,--,--,--,--,--,--,--,--,0,--,--,660,330,31,-3,No,0:52:36,1,--,--,--,--,--,--,--,--,0:47:35,0:52:39,--,--
HIIT,8/29/2025 8:11,FALSE,HIIT,0,34,0:07,108,134,--,--,--,--,--,--,--,--,--,--,--,0,--,--,194,97,8,-1,No,06:55.9,1,--,--,--,--,--,--,--,--,05:58.5,06:55.9,--,--
HIIT,8/29/2025 7:37,FALSE,HIIT,0,143,0:32,110,134,--,--,--,--,--,--,--,--,--,--,--,0,--,--,848,424,28,-2,No,0:31:44,1,--,--,--,--,--,--,--,--,0:23:56,0:31:44,--,--
Hiking,8/28/2025 10:52,FALSE,Guasca Hiking,5.79,473,2:31,98,133,52,240,25:58:00,10:02,240,246,0.78,--,--,--,--,0,--,--,"9,642",--,--,-7,No,00:10.1,4,--,--,--,--,--,--,--,--,1:32:08,2:41:38,"3,433","3,642"
HIIT,8/26/2025 11:10,FALSE,HIIT,0,327,1:01,123,158,--,--,--,--,--,--,--,--,--,--,--,0,--,--,"1,360",680,57,-9,No,1:00:40,1,--,--,--,--,--,--,--,--,0:52:25,1:01:31,--,--
HIIT,8/25/2025 9:14,FALSE,HIIT,0,251,0:42,126,162,--,--,--,--,--,--,--,--,--,--,--,0,--,--,624,312,29,-8,No,0:41:14,1,--,--,--,--,--,--,--,--,0:22:24,0:41:19,--,--
Pilates,8/24/2025 7:12,FALSE,Pilates,0,37,0:15,85,102,3,150,--,--,--,--,0,--,--,--,--,0,--,--,10,5,1,-1,No,0:14:00,1,--,--,--,--,--,--,--,--,0:14:00,0:14:00,--,--
HIIT,8/22/2025 7:43,FALSE,HIIT,0,169,0:47,102,122,--,--,--,--,--,--,--,--,--,--,--,0,--,--,"1,116",558,42,-5,No,0:46:41,1,--,--,--,--,--,--,--,--,0:35:58,0:46:41,--,--
HIIT,8/21/2025 10:59,FALSE,HIIT,0,192,0:49,105,151,--,--,--,--,--,--,--,--,--,--,--,0,--,--,834,417,32,-3,No,0:48:14,1,--,--,--,--,--,--,--,--,0:36:04,0:48:49,--,--
Pilates,8/20/2025 20:07,FALSE,Pilates,0,103,0:42,85,117,1,130,--,--,--,--,0,--,--,--,--,0,--,--,10,5,1,-1,No,0:41:21,1,--,--,--,--,--,--,--,--,0:41:21,0:41:21,--,--
Hiking,8/20/2025 10:29,FALSE,Ubaque Hiking,2.4,160,0:47,99,138,76,205,19:32,11:32,40,64,0.68,--,--,--,--,0,--,--,"3,966",--,--,-2,No,0:46:56,1,--,--,--,--,--,--,--,--,0:36:35,0:46:56,"3,354","3,408"
HIIT,8/19/2025 9:33,FALSE,HIIT,0,260,0:46,124,179,--,--,--,--,--,--,--,--,--,--,--,0,--,--,798,399,33,-9,No,0:45:29,1,--,--,--,--,--,--,--,--,0:32:54,0:46:10,--,--
HIIT,8/18/2025 8:55,FALSE,HIIT,0,264,1:12,104,153,--,--,--,--,--,--,--,--,--,--,--,0,--,--,"1,470",735,42,-5,No,1:11:20,1,--,--,--,--,--,--,--,--,0:42:12,1:11:30,--,--
Hiking,8/17/2025 9:54,FALSE,"Bogota, D.C. Hiking",3.28,435,1:06,137,165,44,158,19:59,5:33,541,4,1.14,--,--,--,--,0,--,--,"4,574",--,--,-14,No,1:05:33,1,--,--,--,--,--,--,--,--,0:33:40,1:05:33,"2,653","3,192"
HIIT,8/15/2025 11:34,FALSE,HIIT,0,250,0:42,123,160,--,--,--,--,--,--,--,--,--,--,--,0,--,--,"1,052",526,33,-6,No,0:41:51,1,--,--,--,--,--,--,--,--,0:33:01,0:41:51,--,--
Pilates,8/14/2025 8:12,FALSE,Pilates,0,93,0:37,86,114,1,154,--,--,--,--,0,--,--,--,--,0,--,--,12,6,1,-4,No,0:36:12,1,--,--,--,--,--,--,--,--,0:36:12,0:36:12,--,--
HIIT,8/13/2025 11:51,FALSE,HIIT,0,218,0:48,111,161,--,--,--,--,--,--,--,--,--,--,--,0,--,--,770,385,32,-5,No,0:47:13,1,--,--,--,--,--,--,--,--,0:30:04,0:47:21,--,--
HIIT,8/12/2025 6:13,FALSE,HIIT,0,193,0:45,109,128,--,--,--,--,--,--,--,--,--,--,--,0,--,--,970,485,49,-7,No,0:44:32,1,--,--,--,--,--,--,--,--,0:34:45,0:44:32,--,--
HIIT,8/11/2025 10:23,FALSE,HIIT,0,155,0:41,102,130,--,--,--,--,--,--,--,--,--,--,--,0,--,--,660,330,27,-3,No,0:40:59,1,--,--,--,--,--,--,--,--,0:28:24,0:40:59,--,--
Running,8/10/2025 10:40,FALSE,"Bogota, D.C. Running",7.13,410,0:45,154,165,177,190,6:13,4:54,17,7,0.89,8.8,7.9,249,204,0,206,272,"7,908",--,--,-13,No,00:47.0,8,--,--,--,--,--,--,--,--,0:44:00,0:45:58,"2,562","2,574"
HIIT,8/9/2025 11:09,FALSE,HIIT,0,171,0:41,106,148,--,--,--,--,--,--,--,--,--,--,--,0,--,--,590,295,31,-3,No,0:40:12,1,--,--,--,--,--,--,--,--,0:27:37,0:40:12,--,--
HIIT,8/9/2025 11:07,FALSE,HIIT,0,2,0:01,76,81,--,--,--,--,--,--,--,--,--,--,--,0,--,--,--,--,1,--,No,00:49.5,1,--,--,--,--,--,--,--,--,00:49.5,00:49.5,--,--
HIIT,8/8/2025 11:08,FALSE,HIIT,0,235,0:36,129,159,--,--,--,--,--,--,--,--,--,--,--,0,--,--,"1,008",504,47,-5,No,0:35:49,1,--,--,--,--,--,--,--,--,0:28:10,0:35:49,--,--
HIIT,8/7/2025 11:43,FALSE,HIIT - Custom,0,371,0:50,139,172,--,--,--,--,--,--,--,--,--,--,--,0,--,--,"1,064",532,55,-10,No,0:49:14,1,--,--,--,--,--,--,--,--,0:41:31,0:49:20,--,--
HIIT,8/6/2025 13:04,FALSE,HIIT,0,243,0:41,125,161,--,--,--,--,--,--,--,--,--,--,--,0,--,--,600,300,29,-5,No,0:40:14,1,--,--,--,--,--,--,--,--,0:26:53,0:40:14,--,--
HIIT,8/4/2025 13:50,FALSE,HIIT,0,248,0:41,127,189,--,--,--,--,--,--,--,--,--,--,--,0,--,--,752,376,35,-5,No,0:40:17,1,--,--,--,--,--,--,--,--,0:25:21,0:40:17,--,--
HIIT,8/3/2025 14:35,FALSE,HIIT - Custom,0,62,0:12,115,133,--,--,--,--,--,--,--,--,--,--,--,0,--,--,166,83,9,-1,No,0:11:08,1,--,--,--,--,--,--,--,--,0:09:00,0:11:08,--,--
HIIT,8/3/2025 14:10,FALSE,HIIT - Custom,0,111,0:25,106,146,--,--,--,--,--,--,--,--,--,--,--,0,--,--,408,204,21,-3,No,0:24:21,1,--,--,--,--,--,--,--,--,0:16:44,0:24:21,--,--
HIIT,8/3/2025 14:05,FALSE,HIIT,0,22,0:05,107,123,--,--,--,--,--,--,--,--,--,--,--,0,--,--,170,85,5,-1,No,04:34.5,1,--,--,--,--,--,--,--,--,04:14.4,04:34.5,--,--
Pilates,8/1/2025 16:17,FALSE,Pilates,0,43,0:15,90,109,0,140,--,--,--,--,0,--,--,--,--,0,--,--,10,5,1,-6,No,0:14:07,1,--,--,--,--,--,--,--,--,0:14:07,0:14:07,--,--
HIIT,7/31/2025 8:15,FALSE,HIIT,0,265,0:51,119,173,--,--,--,--,--,--,--,--,--,--,--,0,--,--,"1,158",579,30,-7,No,0:50:17,1,--,--,--,--,--,--,--,--,0:33:19,0:50:17,--,--
HIIT,7/29/2025 8:11,FALSE,HIIT,0,206,0:48,105,149,--,--,--,--,--,--,--,--,--,--,--,0,--,--,764,382,41,-6,No,0:47:02,1,--,--,--,--,--,--,--,--,0:32:03,0:47:02,--,--
HIIT,7/28/2025 10:07,FALSE,HIIT,0,428,1:13,124,173,--,--,--,--,--,--,--,--,--,--,--,0,--,--,"1,300",650,46,-12,No,1:12:01,1,--,--,--,--,--,--,--,--,0:53:45,1:12:04,--,--
HIIT,7/26/2025 10:59,FALSE,HIIT - Custom,0,61,0:09,133,155,--,--,--,--,--,--,--,--,--,--,--,0,--,--,256,128,8,-3,No,08:01.2,1,--,--,--,--,--,--,--,--,0:06:40,08:01.2,--,--
HIIT,7/26/2025 10:31,FALSE,HIIT - Custom,0,162,0:28,120,138,--,--,--,--,--,--,--,--,--,--,--,0,--,--,430,215,24,-3,No,0:27:51,1,--,--,--,--,--,--,--,--,0:24:00,0:27:51,--,--
HIIT,7/25/2025 8:08,FALSE,HIIT,0,212,0:50,106,156,--,--,--,--,--,--,--,--,--,--,--,0,--,--,804,402,36,-6,No,0:49:12,1,--,--,--,--,--,--,--,--,0:32:07,0:49:12,--,--
HIIT,7/24/2025 18:54,FALSE,HIIT,0,325,1:20,107,157,--,--,--,--,--,--,--,--,--,--,--,0,--,--,"1,164",582,33,-5,No,1:19:50,1,--,--,--,--,--,--,--,--,0:53:36,1:20:06,--,--
HIIT,7/23/2025 14:08,FALSE,HIIT,0,162,0:46,99,134,--,--,--,--,--,--,--,--,--,--,--,0,--,--,862,431,31,-5,No,0:45:07,1,--,--,--,--,--,--,--,--,0:24:42,0:45:07,--,--
HIIT,7/22/2025 8:08,FALSE,HIIT,0,289,0:55,117,155,--,--,--,--,--,--,--,--,--,--,--,0,--,--,"1,218",609,36,-12,No,0:54:06,1,--,--,--,--,--,--,--,--,0:33:41,0:54:08,--,--
Yoga,7/21/2025 7:15,FALSE,Yoga,--,29,0:12,85,102,--,--,--,--,--,--,--,--,--,--,--,0,--,--,--,--,1,-2,No,0:11:58,1,16,10,23,34,41,75,74,95,0:11:58,0:11:58,--,--
Running,7/20/2025 7:53,FALSE,"Bogota, D.C. Running",7.22,410,0:43,158,167,183,194,5:57,4:59,12,9,0.91,8.6,7.8,243,213,0,212,285,"7,828",--,--,-15,No,01:20.4,8,--,--,--,--,--,--,--,--,0:42:56,0:42:57,"2,562","2,570"
Yoga,7/19/2025 9:19,FALSE,Yoga,--,48,0:19,88,119,--,--,--,--,--,--,--,--,--,--,--,0,--,--,--,--,1,-4,No,0:18:38,1,16,10,21,32,39,71,84,99,0:18:38,0:18:38,--,--
Pilates,7/17/2025 10:06,FALSE,Pilates,0,75,0:28,87,113,--,--,--,--,--,--,--,--,--,--,--,0,--,--,106,53,3,-3,No,0:27:21,1,--,--,--,--,--,--,--,--,0:27:21,0:27:21,--,--
HIIT,7/17/2025 9:34,FALSE,HIIT - Custom,0,167,0:31,119,144,--,--,--,--,--,--,--,--,--,--,--,0,--,--,490,245,16,-6,No,0:30:34,1,--,--,--,--,--,--,--,--,0:23:27,0:31:08,--,--
HIIT,7/16/2025 7:20,FALSE,HIIT - Custom,0,16,0:04,110,127,--,--,--,--,--,--,--,--,--,--,--,0,--,--,6,3,2,-1,No,03:05.8,1,--,--,--,--,--,--,--,--,0:01:00,03:05.8,--,--
HIIT,7/16/2025 6:55,FALSE,HIIT - Custom,0,112,0:25,107,134,--,--,--,--,--,--,--,--,--,--,--,0,--,--,348,174,23,-4,No,0:24:36,1,--,--,--,--,--,--,--,--,0:17:00,0:24:36,--,--
HIIT,7/15/2025 15:56,FALSE,HIIT - Custom,0,36,0:09,103,138,--,--,--,--,--,--,--,--,--,--,--,0,--,--,76,38,4,-1,No,08:15.1,1,--,--,--,--,--,--,--,--,0:02:00,08:15.1,--,--
HIIT,7/15/2025 15:23,FALSE,HIIT - Custom,0,105,0:31,97,121,--,--,--,--,--,--,--,--,--,--,--,0,--,--,680,340,31,-3,No,0:30:05,1,--,--,--,--,--,--,--,--,0:25:05,0:31:14,--,--
HIIT,7/14/2025 10:03,FALSE,HIIT - Custom,0,16,0:06,87,116,--,--,--,--,--,--,--,--,--,--,--,0,--,--,58,29,3,-1,No,05:34.5,1,--,--,--,--,--,--,--,--,0:01:30,05:34.5,--,--
Pilates,7/14/2025 9:38,FALSE,Pilates,0,43,0:14,91,105,5,150,--,--,--,--,0,--,--,--,--,0,--,--,24,12,3,-2,No,0:13:41,1,--,--,--,--,--,--,--,--,0:13:41,0:13:41,--,--
HIIT,7/14/2025 9:00,FALSE,HIIT - Custom,0,149,0:36,105,132,--,--,--,--,--,--,--,--,--,--,--,0,--,--,512,256,33,-5,No,0:35:56,1,--,--,--,--,--,--,--,--,0:25:21,0:36:44,--,--
Running,7/13/2025 10:19,FALSE,"Bogota, D.C. Running",0.9,52,0:06,155,167,182,192,6:04,5:11,2,7,0.9,8.4,7.6,242,207,0,207,254,"1,008",--,--,-2,No,05:27.6,1,--,--,--,--,--,--,--,--,0:05:27,05:27.6,"2,556","2,561"
HIIT,7/13/2025 10:07,FALSE,HIIT - Custom,0,45,0:06,139,170,--,--,--,--,--,--,--,--,--,--,--,0,--,--,120,60,3,-1,No,05:39.2,1,--,--,--,--,--,--,--,--,0:01:30,05:39.2,--,--
Running,7/13/2025 9:28,FALSE,"Bogota, D.C. Running",4.19,240,0:26,153,169,176,192,6:06,5:02,11,--,0.91,8.6,7.8,245,207,0,212,269,"4,576",--,--,-12,No,01:04.1,5,--,--,--,--,--,--,--,--,0:25:17,0:33:51,"2,555","2,575"
HIIT,7/12/2025 9:42,FALSE,HIIT,0,153,0:30,113,152,--,--,--,--,--,--,--,--,--,--,--,0,--,--,558,279,26,-4,No,0:29:47,1,--,--,--,--,--,--,--,--,0:21:26,0:29:47,--,--
HIIT,7/11/2025 13:31,FALSE,HIIT - Custom,0,129,0:25,114,183,--,--,--,--,--,--,--,--,--,--,--,0,--,--,264,132,25,-7,No,0:24:53,1,--,--,--,--,--,--,--,--,0:20:50,0:24:53,--,--
HIIT,7/10/2025 5:56,FALSE,HIIT,0,147,0:43,98,125,--,--,--,--,--,--,--,--,--,--,--,0,--,--,820,410,43,-2,No,0:42:56,1,--,--,--,--,--,--,--,--,0:32:41,0:43:31,--,--
HIIT,7/9/2025 5:59,FALSE,HIIT,0,147,0:41,100,132,--,--,--,--,--,--,--,--,--,--,--,0,--,--,702,351,21,-5,No,0:40:07,1,--,--,--,--,--,--,--,--,0:27:32,0:40:07,--,--
HIIT,7/8/2025 7:19,FALSE,HIIT - Custom,0,29,0:06,110,129,--,--,--,--,--,--,--,--,--,--,--,0,--,--,66,33,3,-1,No,05:36.4,1,--,--,--,--,--,--,--,--,0:01:30,05:36.4,--,--
HIIT,7/8/2025 6:37,FALSE,HIIT - Custom,0,135,0:25,116,134,--,--,--,--,--,--,--,--,--,--,--,0,--,--,162,81,25,-3,No,0:24:54,1,--,--,--,--,--,--,--,--,0:20:50,0:24:54,--,--
Cardio,7/7/2025 8:56,FALSE,Cardio,0,21,0:07,93,106,--,--,--,--,--,--,--,--,--,--,--,0,--,--,90,--,--,--,No,06:02.1,1,--,--,--,--,--,--,--,--,0:00:00,06:02.1,--,--
HIIT,7/7/2025 8:20,FALSE,HIIT - Custom,0,104,0:31,97,119,--,--,--,--,--,--,--,--,--,--,--,0,--,--,536,268,30,--,No,0:30:09,1,--,--,--,--,--,--,--,--,0:22:30,0:30:18,--,--
HIIT,7/6/2025 7:13,FALSE,HIIT - Custom,0,36,0:09,103,130,--,--,--,--,--,--,--,--,--,--,--,0,--,--,116,58,4,--,No,08:13.0,1,--,--,--,--,--,--,--,--,0:02:00,08:14.4,--,--
HIIT,7/6/2025 6:42,FALSE,HIIT - Custom,0,138,0:30,110,130,--,--,--,--,--,--,--,--,--,--,--,0,--,--,336,168,30,-2,No,0:29:54,1,--,--,--,--,--,--,--,--,0:25:00,0:29:54,--,--
HIIT,7/5/2025 9:01,FALSE,HIIT,0,126,0:34,100,124,--,--,--,--,--,--,--,--,--,--,--,0,--,--,550,275,26,-5,No,0:33:10,1,--,--,--,--,--,--,--,--,0:25:04,0:34:31,--,--
Pilates,7/3/2025 7:16,FALSE,Pilates,0,126,0:22,119,142,12,148,--,--,--,--,0,--,--,--,--,0,--,--,24,12,1,-3,No,0:21:34,1,--,--,--,--,--,--,--,--,0:21:34,0:21:34,--,--
HIIT,7/2/2025 7:44,FALSE,HIIT,0,42,0:11,99,132,--,--,--,--,--,--,--,--,--,--,--,0,--,--,116,58,7,--,No,0:10:39,1,--,--,--,--,--,--,--,--,09:19.0,0:10:39,--,--
Running,7/2/2025 6:06,FALSE,Oaxaca Running,7.79,501,1:15,136,173,123,207,9:37,4:27,246,313,0.81,9.4,7.3,264,183,0,188,337,"10,430",--,--,-10,No,05:48.6,8,--,--,--,--,--,--,--,--,0:59:48,1:25:06,"1,553","1,825"
HIIT,7/1/2025 5:46,FALSE,HIIT,0,162,0:41,103,132,--,--,--,--,--,--,--,--,--,--,--,0,--,--,930,465,38,-3,No,0:40:20,1,--,--,--,--,--,--,--,--,0:34:36,0:40:20,--,--
Strength Training,6/30/2025 6:20,FALSE,Strength,0,157,0:48,95,124,--,--,--,--,--,--,--,--,--,--,--,0,--,--,798,399,29,-2,No,0:47:16,1,--,--,--,--,--,--,--,--,0:33:55,0:47:16,--,--
Running,6/29/2025 7:43,FALSE,Oaxaca Running,8.35,475,0:52,151,160,184,192,6:12,5:26,25,21,0.88,8.7,7.6,246,206,0,205,262,"9,302",--,--,-14,No,02:03.6,9,--,--,--,--,--,--,--,--,0:51:39,0:51:48,"1,557","1,573"
Pilates,6/29/2025 7:33,FALSE,Pilates,0,36,0:07,111,123,73,188,--,--,--,--,0,--,--,--,--,0,--,--,86,43,7,-1,No,06:48.1,1,--,--,--,--,--,--,--,--,05:48.1,06:48.1,--,--
Pilates,6/29/2025 7:24,FALSE,Pilates,0,29,0:07,100,120,19,147,--,--,--,--,0,--,--,--,--,0,--,--,68,34,7,-1,No,06:54.2,1,--,--,--,--,--,--,--,--,0:05:50,06:54.2,--,--
HIIT,6/27/2025 16:00,FALSE,HIIT,0,44,0:11,103,116,--,--,--,--,--,--,--,--,--,--,--,0,--,--,12,6,1,--,No,0:10:11,1,--,--,--,--,--,--,--,--,0:10:07,0:10:11,--,--
HIIT,6/27/2025 15:36,FALSE,HIIT - Custom,0,118,0:22,117,143,--,--,--,--,--,--,--,--,--,--,--,0,--,--,374,187,21,-3,No,0:21:31,1,--,--,--,--,--,--,--,--,0:13:34,0:22:23,--,--
HIIT,6/26/2025 11:48,FALSE,HIIT - Custom,0,32,0:14,82,100,--,--,--,--,--,--,--,--,--,--,--,0,--,--,190,95,18,-1,No,0:13:20,1,--,--,--,--,--,--,--,--,0:09:00,0:13:20,--,--
Pilates,6/26/2025 11:28,FALSE,Pilates,0,43,0:14,91,106,1,167,--,--,--,--,0,--,--,--,--,0,--,--,10,5,3,-1,No,0:13:38,1,--,--,--,--,--,--,--,--,0:13:38,0:13:38,--,--
HIIT,6/26/2025 10:58,FALSE,HIIT - Custom,0,120,0:30,101,144,--,--,--,--,--,--,--,--,--,--,--,0,--,--,484,242,25,-3,No,0:29:41,1,--,--,--,--,--,--,--,--,0:15:29,0:29:42,--,--
HIIT,6/25/2025 5:56,FALSE,HIIT - Custom,0,112,0:37,93,124,--,--,--,--,--,--,--,--,--,--,--,0,--,--,972,486,37,-3,No,0:36:13,1,--,--,--,--,--,--,--,--,0:24:02,0:38:22,--,--
Treadmill Running,6/24/2025 6:34,FALSE,Treadmill Running,5.04,217,0:28,136,148,178,188,5:33,4:15,--,--,1.02,8.4,8.6,244,227,0,226,316,"4,886",--,--,-8,No,00:16.2,6,--,--,--,--,--,--,--,--,0:27:47,0:27:58,--,--
Pilates,6/24/2025 6:15,FALSE,Pilates,0,39,0:14,89,104,0,215,--,--,--,--,0,--,--,--,--,0,--,--,--,--,2,-1,No,0:13:11,1,--,--,--,--,--,--,--,--,0:13:11,0:13:11,--,--
HIIT,6/24/2025 5:46,FALSE,HIIT - Custom,0,120,0:29,105,130,--,--,--,--,--,--,--,--,--,--,--,0,--,--,456,228,25,-4,No,0:28:10,1,--,--,--,--,--,--,--,--,0:20:00,0:28:32,--,--
Running,6/22/2025 10:01,FALSE,"Bogota, D.C. Running",1.59,86,0:10,152,165,181,194,5:47,4:48,2,--,0.95,8.2,7.8,239,222,0,220,272,"1,644",--,--,-3,No,03:36.2,2,--,--,--,--,--,--,--,--,0:09:05,09:12.3,"2,568","2,572"
Running,6/22/2025 9:21,FALSE,"Bogota, D.C. Running",4.53,234,0:27,145,164,179,194,5:55,4:50,6,7,0.93,8.5,7.9,244,215,0,217,304,"4,820",--,--,-8,No,03:10.2,5,--,--,--,--,--,--,--,--,0:26:34,0:32:17,"2,568","2,576"
Hiking,6/17/2025 5:18,FALSE,Honoria Hiking,2.6,219,1:10,96,124,36,154,26:32:00,10:38,64,51,1.04,--,--,--,--,0,--,--,"4,176",--,--,-8,No,1:09:02,1,--,--,--,--,--,--,--,--,0:27:57,1:09:02,161,183
Hiking,6/14/2025 4:36,FALSE,Honoria Hiking,8.48,629,3:26,96,142,54,240,24:09:00,5:29,323,326,0.76,--,--,--,--,0,--,--,"13,396",--,--,-24,No,3:25:00,1,--,--,--,--,--,--,--,--,1:48:28,3:25:00,163,253
Yoga,6/13/2025 18:44,FALSE,Yoga,--,20,0:16,69,90,--,--,--,--,--,--,--,--,--,--,--,0,--,--,--,--,1,--,No,0:15:02,1,16,11,23,-36,68,32,54,88,0:15:02,0:15:02,--,--
Hiking,6/12/2025 4:45,FALSE,Honoria Hiking,11.37,941,5:00,100,146,44,250,26:20:00,6:20,370,352,0.87,--,--,--,--,0,--,--,"17,418",--,--,-34,No,4:59:07,1,--,--,--,--,--,--,--,--,2:20:18,4:59:11,168,259
Hiking,6/11/2025 5:05,FALSE,Honoria Hiking,4.36,429,2:28,93,130,32,205,33:57:00,4:36,150,137,0.93,--,--,--,--,0,--,--,"6,440",--,--,-19,No,2:27:49,1,--,--,--,--,--,--,--,--,0:50:06,2:27:49,164,217
Hiking,6/10/2025 5:04,FALSE,Honoria Hiking,4.59,486,2:29,102,135,35,244,32:26:00,6:54,127,117,0.88,--,--,--,--,0,--,--,"6,976",--,--,-16,No,2:28:43,1,--,--,--,--,--,--,--,--,0:51:23,3:04:09,162,198
Pilates,6/8/2025 18:46,FALSE,Pilates,0,56,0:18,94,119,3,150,--,--,--,--,0,--,--,--,--,0,--,--,86,43,7,-1,No,0:17:03,1,--,--,--,--,--,--,--,--,0:17:03,0:17:03,--,--
HIIT,6/8/2025 18:23,FALSE,HIIT - Custom,0,68,0:20,98,121,--,--,--,--,--,--,--,--,--,--,--,0,--,--,186,93,21,-1,No,0:19:01,1,--,--,--,--,--,--,--,--,0:14:05,0:19:01,--,--
Hiking,6/7/2025 5:14,FALSE,Honoria Hiking,2.75,237,1:28,90,128,39,191,31:52:00,9:15,70,59,0.81,--,--,--,--,0,--,--,"4,484",--,--,-8,No,1:27:37,1,--,--,--,--,--,--,--,--,0:32:41,1:27:37,163,186
Hiking,6/6/2025 4:26,FALSE,Honoria Hiking,11.05,"1,222",4:26,120,163,54,214,24:03:00,4:09,381,362,0.88,--,--,--,--,0,--,--,"17,546",--,--,-41,No,0:12:12,5,--,--,--,--,--,--,--,--,2:17:49,4:25:41,163,252
Yoga,6/5/2025 18:42,FALSE,Yoga,--,25,0:20,71,99,--,--,--,--,--,--,--,--,--,--,--,0,--,--,--,--,1,--,No,0:19:42,1,15,8,22,-10,74,64,59,88,0:19:42,0:19:42,--,--
Strength Training,6/5/2025 18:06,FALSE,Strength,0,122,0:33,102,132,--,--,--,--,--,--,--,--,--,--,--,0,--,--,"1,152",576,30,-1,No,0:32:19,1,--,--,--,--,--,--,--,--,0:27:22,0:32:28,--,--
Hiking,6/5/2025 5:04,FALSE,Honoria Hiking,3.2,295,1:32,97,134,48,188,28:41:00,10:20,102,83,0.73,--,--,--,--,0,--,--,"5,416",--,--,-10,No,1:31:54,1,--,--,--,--,--,--,--,--,0:42:41,1:31:54,162,198
Pilates,6/4/2025 19:27,FALSE,Pilates,0,62,0:26,85,114,1,166,--,--,--,--,0,--,--,--,--,0,--,--,12,6,2,--,No,0:25:00,1,--,--,--,--,--,--,--,--,0:25:00,0:25:00,--,--
Strength Training,6/4/2025 19:04,FALSE,Strength,0,66,0:22,92,112,--,--,--,--,--,--,--,--,--,--,--,0,--,--,656,328,40,-1,No,0:21:15,1,--,--,--,--,--,--,--,--,0:16:00,0:21:15,--,--
Yoga,6/3/2025 19:31,FALSE,Yoga,--,32,0:16,80,98,--,--,--,--,--,--,--,--,--,--,--,0,--,--,--,--,1,--,No,0:15:48,1,16,10,21,-4,31,27,66,94,0:15:48,0:15:48,--,--
Hiking,6/3/2025 5:08,FALSE,Honoria Hiking,5.07,465,2:10,103,150,46,234,25:36:00,7:12,188,172,0.85,--,--,--,--,0,--,--,"7,872",--,--,-14,No,2:09:48,1,--,--,--,--,--,--,--,--,0:57:06,2:09:48,158,201
Yoga,6/1/2025 16:48,FALSE,Yoga,--,15,0:08,79,100,--,--,--,--,--,--,--,--,--,--,--,0,--,--,--,--,1,-1,No,07:59.5,1,17,10,23,-2,80,78,72,88,07:59.5,07:59.5,--,--
Strength Training,6/1/2025 16:16,FALSE,Strength,0,117,0:29,105,131,--,--,--,--,--,--,--,--,--,--,--,0,--,--,900,450,41,-3,No,0:28:50,1,--,--,--,--,--,--,--,--,0:22:49,0:29:49,--,--
Hiking,5/30/2025 5:24,FALSE,Honoria Hiking,5.34,487,2:29,100,142,44,167,27:49:00,7:32,188,171,0.81,--,--,--,--,0,--,--,"9,098",--,--,-20,No,2:28:32,1,--,--,--,--,--,--,--,--,1:01:17,2:30:45,162,201
Hiking,5/29/2025 5:44,FALSE,Honoria Hiking,4.57,497,2:04,110,148,43,167,26:58:00,5:32,143,140,0.86,--,--,--,--,0,--,--,"7,590",--,--,-11,No,00:01.6,2,--,--,--,--,--,--,--,--,0:48:20,2:03:21,160,201
Breathwork,5/28/2025 8:11,FALSE,Relax and Focus (Short),--,--,0:06,101,111,--,--,--,--,--,--,--,--,--,--,--,0,--,--,--,--,--,-1,No,0:00:04,77,9,5,21,-8,96,88,95,98,0:00:00,05:45.2,--,--
Hiking,5/28/2025 5:12,FALSE,Honoria Hiking,6.99,733,2:57,110,160,51,167,25:15:00,7:52,237,229,0.88,--,--,--,--,0,--,--,"11,242",--,--,-28,No,0:15:42,5,--,--,--,--,--,--,--,--,1:26:22,2:56:29,165,252
Yoga,5/27/2025 18:49,FALSE,Yoga,--,20,0:09,87,109,--,--,--,--,--,--,--,--,--,--,--,0,--,--,--,--,2,-1,No,08:12.5,1,16,0,22,-32,83,51,79,96,08:12.5,08:12.5,--,--
Cardio,5/27/2025 18:43,FALSE,5-Minute Plank Challenge,0,24,0:06,108,119,--,--,--,--,--,--,--,--,--,--,--,0,--,--,8,13,5,--,No,05:01.9,1,--,--,--,--,--,--,--,--,0:00:00,05:01.9,--,--
Strength Training,5/27/2025 18:10,FALSE,Strength,0,74,0:32,83,103,--,--,--,--,--,--,--,--,--,--,--,0,--,--,984,492,30,-1,No,0:31:43,1,--,--,--,--,--,--,--,--,0:24:16,0:31:43,--,--
Breathwork,5/27/2025 7:24,FALSE,Relax and Focus (Short),--,--,0:06,71,96,--,--,--,--,--,--,--,--,--,--,--,0,--,--,--,--,--,-1,No,0:00:04,77,9,4,21,4,16,20,36,91,0:00:00,0:11:00,--,--
Hiking,5/27/2025 5:12,FALSE,Honoria Hiking,4.21,397,2:00,99,141,34,219,28:24:00,7:40,138,133,1.05,--,--,--,--,0,--,--,"6,334",--,--,-15,No,1:59:20,1,--,--,--,--,--,--,--,--,0:43:51,1:59:20,159,214
Yoga,5/25/2025 17:35,FALSE,Yoga,--,43,0:17,87,102,--,--,--,--,--,--,--,--,--,--,--,0,--,--,--,--,1,-2,No,0:16:57,1,18,12,26,-17,95,78,81,95,0:16:57,0:16:57,--,--
HIIT,5/25/2025 16:55,FALSE,HIIT - Custom,0,221,0:34,132,148,--,--,--,--,--,--,--,--,--,--,--,0,--,--,682,341,30,-5,No,0:33:08,1,--,--,--,--,--,--,--,--,0:22:30,0:33:09,--,--
HIIT,5/25/2025 16:44,FALSE,HIIT,0,45,0:09,112,130,--,--,--,--,--,--,--,--,--,--,--,0,--,--,440,220,9,-1,No,08:31.7,1,--,--,--,--,--,--,--,--,06:51.1,08:33.5,--,--
HIIT,5/25/2025 8:26,FALSE,HIIT - Custom,0,22,0:06,100,119,--,--,--,--,--,--,--,--,--,--,--,0,--,--,82,41,8,-1,No,05:22.3,1,--,--,--,--,--,--,--,--,0:04:00,05:22.3,--,--
Hiking,5/24/2025 8:17,FALSE,Honoria Hiking,2,195,0:34,123,146,84,228,16:49,4:16,70,63,0.71,--,--,--,--,0,--,--,"3,706",--,--,-5,No,0:33:35,1,--,--,--,--,--,--,--,--,0:27:32,0:33:35,167,204
Yoga,5/23/2025 16:13,FALSE,Yoga 101,--,42,0:21,84,104,--,--,--,--,--,--,--,--,--,--,--,0,--,--,--,--,56,-3,No,0:20:14,1,16,0,28,-51,87,36,78,95,0:20:09,0:20:14,--,--
HIIT,5/23/2025 16:02,FALSE,AMRAP Ab Burnout,0,44,0:11,104,126,--,--,--,--,--,--,--,--,--,--,--,0,--,--,156,78,10,--,No,0:10:32,1,--,--,--,--,--,--,--,--,0:10:00,0:10:32,--,--
Strength Training,5/23/2025 15:39,FALSE,Dumbbell Body Makeover,0,71,0:22,95,124,--,--,--,--,--,--,--,--,--,--,--,0,--,--,420,210,16,-1,No,0:21:46,1,--,--,--,--,--,--,--,--,0:11:39,0:21:46,--,--
Hiking,5/23/2025 14:29,FALSE,Honoria Hiking,1.76,141,0:33,110,139,91,175,18:19,10:42,73,66,0.6,--,--,--,--,0,--,--,"3,246",--,--,-2,No,0:32:14,1,--,--,--,--,--,--,--,--,0:27:12,0:32:14,162,214
Hiking,5/23/2025 10:40,FALSE,Honoria Hiking,3.09,270,1:18,102,141,57,176,24:59:00,8:21,96,139,0.71,--,--,--,--,0,--,--,"5,422",--,--,-8,No,1:17:14,1,--,--,--,--,--,--,--,--,0:42:30,1:17:14,170,247
Hiking,5/23/2025 9:11,FALSE,Honoria Hiking,1.51,116,0:52,83,119,26,156,34:09:00,8:48,34,34,1.12,--,--,--,--,0,--,--,"1,920",--,--,-4,No,0:51:37,1,--,--,--,--,--,--,--,--,0:13:17,0:51:37,174,213
HIIT,5/23/2025 6:07,FALSE,HIIT - Custom,0,18,0:06,91,113,--,--,--,--,--,--,--,--,--,--,--,0,--,--,84,42,8,-1,No,05:34.7,1,--,--,--,--,--,--,--,--,0:04:00,05:34.7,--,--
Yoga,5/22/2025 18:56,FALSE,Yoga,--,40,0:17,89,113,--,--,--,--,--,--,--,--,--,--,--,0,--,--,--,--,1,-2,No,0:16:33,1,15,9,22,16,81,97,85,99,0:16:33,0:16:33,--,--
HIIT,5/22/2025 18:41,FALSE,10-Minute Body Weight AMRAP,0,66,0:11,124,140,--,--,--,--,--,--,--,--,--,--,--,0,--,--,280,140,17,-1,No,0:10:13,1,--,--,--,--,--,--,--,--,0:10:13,0:10:13,--,--
Strength Training,5/21/2025 7:15,FALSE,Strength,0,129,0:37,100,137,--,--,--,--,--,--,--,--,--,--,--,0,--,--,816,408,30,-6,No,0:36:03,1,--,--,--,--,--,--,--,--,0:30:07,0:36:03,--,--
HIIT,5/21/2025 7:08,FALSE,HIIT - Custom,0,18,0:06,94,111,--,--,--,--,--,--,--,--,--,--,--,0,--,--,64,32,8,-1,No,05:12.3,1,--,--,--,--,--,--,--,--,0:04:00,05:12.3,--,--
Cardio,5/20/2025 8:52,FALSE,5-Minute Plank Challenge,0,21,0:06,101,118,--,--,--,--,--,--,--,--,--,--,--,0,--,--,--,30,5,-1,No,05:04.1,1,--,--,--,--,--,--,--,--,0:00:00,05:04.1,--,--
Strength Training,5/20/2025 8:12,FALSE,Strength,0,66,0:33,76,125,--,--,--,--,--,--,--,--,--,--,--,0,--,--,798,399,31,-4,No,0:32:55,1,--,--,--,--,--,--,--,--,0:25:16,0:32:55,--,--
HIIT,5/20/2025 8:00,FALSE,HIIT - Custom,0,37,0:12,90,136,--,--,--,--,--,--,--,--,--,--,--,0,--,--,52,26,9,-2,No,0:11:52,1,--,--,--,--,--,--,--,--,04:11.5,0:11:52,--,--
Strength Training,5/19/2025 5:28,FALSE,Strength,0,181,0:38,113,158,--,--,--,--,--,--,--,--,--,--,--,0,--,--,890,445,32,-7,No,0:37:44,1,--,--,--,--,--,--,--,--,0:27:51,0:37:57,--,--
HIIT,5/19/2025 5:16,FALSE,HIIT - Custom,0,21,0:06,93,114,--,--,--,--,--,--,--,--,--,--,--,0,--,--,94,47,8,--,No,05:54.3,1,--,--,--,--,--,--,--,--,0:04:00,05:54.3,--,--
Strength Training,5/16/2025 8:57,FALSE,Strength,0,137,0:38,101,163,--,--,--,--,--,--,--,--,--,--,--,0,--,--,824,412,29,-6,No,0:37:18,1,--,--,--,--,--,--,--,--,0:28:47,0:37:18,--,--
HIIT,5/16/2025 8:49,FALSE,HIIT - Custom,0,20,0:06,97,118,--,--,--,--,--,--,--,--,--,--,--,0,--,--,66,33,9,-1,No,05:20.3,1,--,--,--,--,--,--,--,--,04:02.9,05:20.3,--,--
Strength Training,5/15/2025 6:03,FALSE,Strength,0,187,0:36,119,162,--,--,--,--,--,--,--,--,--,--,--,0,--,--,972,486,32,-6,No,0:35:54,1,--,--,--,--,--,--,--,--,0:28:44,0:35:54,--,--
HIIT,5/15/2025 5:53,FALSE,HIIT - Custom,0,38,0:10,100,125,--,--,--,--,--,--,--,--,--,--,--,0,--,--,86,43,8,-2,No,09:24.9,1,--,--,--,--,--,--,--,--,0:04:00,09:24.9,--,--
Running,5/14/2025 6:55,FALSE,South Miami Running,5.15,292,0:34,149,156,177,189,6:31,5:42,2,--,0.85,9,7.7,254,193,0,196,233,"6,004",--,--,-10,No,01:01.0,6,--,--,--,--,--,--,--,--,0:33:33,0:33:52,3,6
Strength Training,5/14/2025 6:05,FALSE,Strength,0,184,0:40,115,161,--,--,--,--,--,--,--,--,--,--,--,0,--,--,912,456,32,-8,No,0:39:11,1,--,--,--,--,--,--,--,--,0:28:38,0:39:16,--,--
HIIT,5/14/2025 5:56,FALSE,HIIT - Custom,0,22,0:07,96,117,--,--,--,--,--,--,--,--,--,--,--,0,--,--,70,35,9,-1,No,06:04.2,1,--,--,--,--,--,--,--,--,04:02.4,06:04.2,--,--
Strength Training,5/13/2025 7:13,FALSE,Strength,0,284,1:35,97,139,--,--,--,--,--,--,--,--,--,--,--,0,--,--,"1,250",621,40,-12,No,1:34:03,1,--,--,--,--,--,--,--,--,1:20:35,1:34:04,--,--
HIIT,5/13/2025 7:03,FALSE,HIIT - Custom,0,33,0:09,100,127,--,--,--,--,--,--,--,--,--,--,--,0,--,--,114,57,9,-2,No,08:33.0,1,--,--,--,--,--,--,--,--,04:04.2,08:33.0,--,--
Strength Training,5/12/2025 8:31,FALSE,Strength,0,150,0:40,104,135,--,--,--,--,--,--,--,--,--,--,--,0,--,--,894,447,25,-3,No,0:39:31,1,--,--,--,--,--,--,--,--,0:30:09,0:39:31,--,--
HIIT,5/12/2025 8:24,FALSE,HIIT - Custom,0,24,0:06,101,119,--,--,--,--,--,--,--,--,--,--,--,0,--,--,84,42,8,--,No,05:47.3,1,--,--,--,--,--,--,--,--,0:04:00,05:47.3,--,--
Running,5/11/2025 9:53,FALSE,Coral Gables Running,7.89,420,0:46,168,182,178,190,5:43,4:45,4,2,0.98,8.5,8.3,245,226,0,226,297,"8,038",--,--,-15,No,00:04.1,10,--,--,--,--,--,--,--,--,0:44:58,0:46:09,1,5
HIIT,5/11/2025 9:32,FALSE,HIIT - Custom,0,24,0:06,104,123,--,--,--,--,--,--,--,--,--,--,--,0,--,--,104,52,8,-1,No,05:36.8,1,--,--,--,--,--,--,--,--,0:04:00,05:36.8,--,--
Yoga,5/11/2025 8:44,FALSE,Yoga,--,129,0:47,96,127,--,--,--,--,--,--,--,--,--,--,--,0,--,--,--,--,1,-9,No,0:46:47,1,15,6,22,2,89,91,79,99,0:46:47,0:46:47,--,--
Pilates,5/10/2025 9:18,FALSE,Pilates,0,54,0:13,107,119,--,--,--,--,--,--,--,--,--,--,--,0,--,--,60,30,13,-2,No,0:12:53,1,--,--,--,--,--,--,--,--,0:12:53,0:12:53,--,--
Strength Training,5/10/2025 8:38,FALSE,Strength,0,201,0:38,122,148,--,--,--,--,--,--,--,--,--,--,--,0,--,--,690,345,19,-8,No,0:37:20,1,--,--,--,--,--,--,--,--,0:27:26,0:37:20,--,--
HIIT,5/10/2025 8:30,FALSE,HIIT - Custom,0,24,0:07,99,118,--,--,--,--,--,--,--,--,--,--,--,0,--,--,96,48,9,-1,No,06:34.3,1,--,--,--,--,--,--,--,--,04:06.5,06:34.3,--,--
Walking,5/9/2025 16:55,FALSE,Coral Gables Walking,2.07,96,0:27,103,115,117,241,12:35,3:29,7,2,0.68,--,--,--,--,0,--,--,"3,068",--,--,-2,No,00:08.3,4,--,--,--,--,--,--,--,--,0:25:32,0:26:04,7,16
